﻿20,MaskDogg,1234,Hailey,Hailey@mail.com,+60 18-824 2314,~,10/11/2021
21,KnowMre,4321,Snoopy,Snoopy@knil.com,+60 18-821 9098,~,10/15/2021
22,HigherBall,7408,Alexander,Alexander@hiil.com,+60 11-8886 8684,~,10/23/2021
23,Lucifer,10495,Johnson,Johnson@luil.com,+60 14-992 5717,~,11/14/2021
24,MenSon,13582,Kevin,Kevin@meil.com,+60 18-822 6935,~,11/15/2021
25,Anson,16669,Alexander,Alexander@anil.com,+60 14-400 1844,~,11/16/2021
26,Patrick,19756,Calvin,Calvin@pail.com,+60 11-8886 9336,~,11/17/2021
27,Looper,22843,Justin,Justin@loil.com,+60 14-400 6488,~,11/18/2021
28,Federick,25930,Nancy,Nancy@feil.com,+60 11-8886 2122,~,11/19/2021
29,Kingston,29017,Hiker,Hiker@kiil.com,+60 11-6775 1705,~,11/20/2021
