﻿10,john123,1234,John candor,~,John@mail.com,12,10/11/2021,+60 18-824 2314
12,Keely321,4321,Keely jake,~,Keely@mail.com,3,10/15/2021,+60 18-821 9098
13,Miley666,7408,Citrus,~,Citrus@mail.com,5,10/23/2021,+60 11-8886 8684
14,Daniel,10495,Hazard,~,Hazard@mail.com,3,11/14/2021,+60 14-992 5717
15,Volder,13582,Molder,~,Molder@mail.com,8,11/15/2021,+60 18-822 6935
16,Asterik,16669,Gazel,~,Gazel@mail.com,5,11/16/2021,+60 14-400 1844
17,Duozan,19756,Hiker,~,Hiker@mail.com,7,11/17/2021,+60 11-8886 9336
18,Tarzan,22843,Davis,~,Davis@mail.com,1,11/18/2021,+60 14-400 6488
19,Federick,25930,Lester,~,Lester@mail.com,7,11/19/2021,+60 11-8886 2122
20,Patrun,29017,Summers,~,Summers@mail.com,8,11/20/2021,+60 11-6775 1705
